name,type1,type2,base_total,hp,attack,defense,sp_attack,sp_defense,speed
Bulbasaur,grass,poison,318,45,49,49,65,65,45
Ivysaur,grass,poison,405,60,62,63,80,80,60
Venusaur,grass,poison,625,80,100,123,122,120,80
Charmander,fire,NULL,309,39,52,43,60,50,65
Charmeleon,fire,NULL,405,58,64,58,80,65,80
Charizard,fire,flying,634,78,104,78,159,115,100
Squirtle,water,NULL,314,44,48,65,50,64,43
Wartortle,water,NULL,405,59,63,80,65,80,58
Blastoise,water,NULL,630,79,103,120,135,115,78
Caterpie,bug,NULL,195,45,30,35,20,20,45
Metapod,bug,NULL,205,50,20,55,25,25,30
Butterfree,bug,flying,395,60,45,50,90,80,70
Weedle,bug,poison,195,40,35,30,20,20,50
Kakuna,bug,poison,205,45,25,50,25,25,35
Beedrill,bug,poison,495,65,150,40,15,80,145
Pidgey,normal,flying,251,40,45,40,35,35,56
Pidgeotto,normal,flying,349,63,60,55,50,50,71
Pidgeot,normal,flying,579,83,80,80,135,80,121
Rattata,normal,dark,253,30,56,35,25,35,72
Raticate,normal,dark,413,75,71,70,40,80,77
Spearow,normal,flying,262,40,60,30,31,31,70
Fearow,normal,flying,442,65,90,65,61,61,100
Ekans,poison,NULL,288,35,60,44,40,54,55
Arbok,poison,NULL,448,60,95,69,65,79,80
Pikachu,electric,NULL,320,35,55,40,50,50,90
Raichu,electric,electric,485,60,85,50,95,85,110
Sandshrew,ground,ice,300,50,75,90,10,35,40
Sandslash,ground,ice,450,75,100,120,25,65,65
Nidoran♀,poison,NULL,275,55,47,52,40,40,41
Nidorina,poison,NULL,365,70,62,67,55,55,56
Nidoqueen,poison,ground,505,90,92,87,75,85,76
Nidoran♂,poison,NULL,273,46,57,40,40,40,50
Nidorino,poison,NULL,365,61,72,57,55,55,65
Nidoking,poison,ground,505,81,102,77,85,75,85
Clefairy,fairy,NULL,323,70,45,48,60,65,35
Clefable,fairy,NULL,483,95,70,73,95,90,60
Vulpix,fire,ice,299,38,41,40,50,65,65
Ninetales,fire,ice,505,73,67,75,81,100,109
Jigglypuff,normal,fairy,270,115,45,20,45,25,20
Wigglytuff,normal,fairy,435,140,70,45,85,50,45
Zubat,poison,flying,245,40,45,35,30,40,55
Golbat,poison,flying,455,75,80,70,65,75,90
Oddish,grass,poison,320,45,50,55,75,65,30
Gloom,grass,poison,395,60,65,70,85,75,40
Vileplume,grass,poison,490,75,80,85,110,90,50
Paras,bug,grass,285,35,70,55,45,55,25
Parasect,bug,grass,405,60,95,80,60,80,30
Venonat,bug,poison,305,60,55,50,40,55,45
Venomoth,bug,poison,450,70,65,60,90,75,90
Diglett,ground,ground,265,10,55,30,35,45,90
Dugtrio,ground,ground,425,35,100,60,50,70,110
Meowth,normal,dark,290,40,35,35,50,40,90
Persian,normal,dark,440,65,60,60,75,65,115
Psyduck,water,NULL,320,50,52,48,65,50,55
Golduck,water,NULL,500,80,82,78,95,80,85
Mankey,fighting,NULL,305,40,80,35,35,45,70
Primeape,fighting,NULL,455,65,105,60,60,70,95
Growlithe,fire,NULL,350,55,70,45,70,50,60
Arcanine,fire,NULL,555,90,110,80,100,80,95
Poliwag,water,NULL,300,40,50,40,40,40,90
Poliwhirl,water,NULL,385,65,65,65,50,50,90
Poliwrath,water,fighting,510,90,95,95,70,90,70
Abra,psychic,NULL,310,25,20,15,105,55,90
Kadabra,psychic,NULL,400,40,35,30,120,70,105
Alakazam,psychic,NULL,600,55,50,65,175,105,150
Machop,fighting,NULL,305,70,80,50,35,35,35
Machoke,fighting,NULL,405,80,100,70,50,60,45
Machamp,fighting,NULL,505,90,130,80,65,85,55
Bellsprout,grass,poison,300,50,75,35,70,30,40
Weepinbell,grass,poison,390,65,90,50,85,45,55
Victreebel,grass,poison,490,80,105,65,100,70,70
Tentacool,water,poison,335,40,40,35,50,100,70
Tentacruel,water,poison,515,80,70,65,80,120,100
Geodude,rock,ground,300,40,80,100,30,30,20
Graveler,rock,ground,390,55,95,115,45,45,35
Golem,rock,ground,495,80,120,130,55,65,45
Ponyta,fire,NULL,410,50,85,55,65,65,90
Rapidash,fire,NULL,500,65,100,70,80,80,105
Slowpoke,water,psychic,315,90,65,65,40,40,15
Slowbro,water,psychic,590,95,75,180,130,80,30
Magnemite,electric,steel,325,25,35,70,95,55,45
Magneton,electric,steel,465,50,60,95,120,70,70
Farfetch'd,normal,flying,377,52,90,55,58,62,60
Doduo,normal,flying,310,35,85,45,35,35,75
Dodrio,normal,flying,470,60,110,70,60,60,110
Seel,water,NULL,325,65,45,55,45,70,45
Dewgong,water,ice,475,90,70,80,70,95,70
Grimer,poison,poison,325,80,80,50,40,50,25
Muk,poison,poison,500,105,105,75,65,100,50
Shellder,water,NULL,305,30,65,100,45,25,40
Cloyster,water,ice,525,50,95,180,85,45,70
Gastly,ghost,poison,310,30,35,30,100,35,80
Haunter,ghost,poison,405,45,50,45,115,55,95
Gengar,ghost,poison,600,60,65,80,170,95,130
Onix,rock,ground,385,35,45,160,30,45,70
Drowzee,psychic,NULL,328,60,48,45,43,90,42
Hypno,psychic,NULL,483,85,73,70,73,115,67
Krabby,water,NULL,325,30,105,90,25,25,50
Kingler,water,NULL,475,55,130,115,50,50,75
Voltorb,electric,NULL,330,40,30,50,55,55,100
Electrode,electric,NULL,490,60,50,70,80,80,150
Exeggcute,grass,psychic,325,60,40,80,60,45,40
Exeggutor,grass,psychic,530,95,105,85,125,75,45
Cubone,ground,NULL,320,50,50,95,40,50,35
Marowak,ground,fire,425,60,80,110,50,80,45
Hitmonlee,fighting,NULL,455,50,120,53,35,110,87
Hitmonchan,fighting,NULL,455,50,105,79,35,110,76
Lickitung,normal,NULL,385,90,55,75,60,75,30
Koffing,poison,NULL,340,40,65,95,60,45,35
Weezing,poison,NULL,490,65,90,120,85,70,60
Rhyhorn,ground,rock,345,80,85,95,30,30,25
Rhydon,ground,rock,485,105,130,120,45,45,40
Chansey,normal,NULL,450,250,5,5,35,105,50
Tangela,grass,NULL,435,65,55,115,100,40,60
Kangaskhan,normal,NULL,590,105,125,100,60,100,100
Horsea,water,NULL,295,30,40,70,70,25,60
Seadra,water,NULL,440,55,65,95,95,45,85
Goldeen,water,NULL,320,45,67,60,35,50,63
Seaking,water,NULL,450,80,92,65,65,80,68
Staryu,water,NULL,340,30,45,55,70,55,85
Starmie,water,psychic,520,60,75,85,100,85,115
Mr. Mime,psychic,fairy,460,40,45,65,100,120,90
Scyther,bug,flying,500,70,110,80,55,80,105
Jynx,ice,psychic,455,65,50,35,115,95,95
Electabuzz,electric,NULL,490,65,83,57,95,85,105
Magmar,fire,NULL,495,65,95,57,100,85,93
Pinsir,bug,NULL,600,65,155,120,65,90,105
Tauros,normal,NULL,490,75,100,95,40,70,110
Magikarp,water,NULL,200,20,10,55,15,20,80
Gyarados,water,flying,640,95,155,109,70,130,81
Lapras,water,ice,535,130,85,80,85,95,60
Ditto,normal,NULL,288,48,48,48,48,48,48
Eevee,normal,NULL,325,55,55,50,45,65,55
Vaporeon,water,NULL,525,130,65,60,110,95,65
Jolteon,electric,NULL,525,65,65,60,110,95,130
Flareon,fire,NULL,525,65,130,60,95,110,65
Porygon,normal,NULL,395,65,60,70,85,75,40
Omanyte,rock,water,355,35,40,100,90,55,35
Omastar,rock,water,495,70,60,125,115,70,55
Kabuto,rock,water,355,30,80,90,55,45,55
Kabutops,rock,water,495,60,115,105,65,70,80
Aerodactyl,rock,flying,615,80,135,85,70,95,150
Snorlax,normal,NULL,540,160,110,65,65,110,30
Articuno,ice,flying,580,90,85,100,95,125,85
Zapdos,electric,flying,580,90,90,85,125,90,100
Moltres,fire,flying,580,90,100,90,125,85,90
Dratini,dragon,NULL,300,41,64,45,50,50,50
Dragonair,dragon,NULL,420,61,84,65,70,70,70
Dragonite,dragon,flying,600,91,134,95,100,100,80
Mewtwo,psychic,NULL,780,106,150,70,194,120,140
Mew,psychic,NULL,600,100,100,100,100,100,100
Chikorita,grass,NULL,318,45,49,65,49,65,45
Bayleef,grass,NULL,405,60,62,80,63,80,60
Meganium,grass,NULL,525,80,82,100,83,100,80
Cyndaquil,fire,NULL,309,39,52,43,60,50,65
Quilava,fire,NULL,405,58,64,58,80,65,80
Typhlosion,fire,NULL,534,78,84,78,109,85,100
Totodile,water,NULL,314,50,65,64,44,48,43
Croconaw,water,NULL,405,65,80,80,59,63,58
Feraligatr,water,NULL,530,85,105,100,79,83,78
Sentret,normal,NULL,215,35,46,34,35,45,20
Furret,normal,NULL,415,85,76,64,45,55,90
Hoothoot,normal,flying,262,60,30,30,36,56,50
Noctowl,normal,flying,452,100,50,50,86,96,70
Ledyba,bug,flying,265,40,20,30,40,80,55
Ledian,bug,flying,390,55,35,50,55,110,85
Spinarak,bug,poison,250,40,60,40,40,40,30
Ariados,bug,poison,400,70,90,70,60,70,40
Crobat,poison,flying,535,85,90,80,70,80,130
Chinchou,water,electric,330,75,38,38,56,56,67
Lanturn,water,electric,460,125,58,58,76,76,67
Pichu,electric,NULL,205,20,40,15,35,35,60
Cleffa,fairy,NULL,218,50,25,28,45,55,15
Igglybuff,normal,fairy,210,90,30,15,40,20,15
Togepi,fairy,NULL,245,35,20,65,40,65,20
Togetic,fairy,flying,405,55,40,85,80,105,40
Natu,psychic,flying,320,40,50,45,70,45,70
Xatu,psychic,flying,470,65,75,70,95,70,95
Mareep,electric,NULL,280,55,40,40,65,45,35
Flaaffy,electric,NULL,365,70,55,55,80,60,45
Ampharos,electric,NULL,610,90,95,105,165,110,45
Bellossom,grass,NULL,490,75,80,95,90,100,50
Marill,water,fairy,250,70,20,50,20,50,40
Azumarill,water,fairy,420,100,50,80,60,80,50
Sudowoodo,rock,NULL,410,70,100,115,30,65,30
Politoed,water,NULL,500,90,75,75,90,100,70
Hoppip,grass,flying,250,35,35,40,35,55,50
Skiploom,grass,flying,340,55,45,50,45,65,80
Jumpluff,grass,flying,460,75,55,70,55,95,110
Aipom,normal,NULL,360,55,70,55,40,55,85
Sunkern,grass,NULL,180,30,30,30,30,30,30
Sunflora,grass,NULL,425,75,75,55,105,85,30
Yanma,bug,flying,390,65,65,45,75,45,95
Wooper,water,ground,210,55,45,45,25,25,15
Quagsire,water,ground,430,95,85,85,65,65,35
Espeon,psychic,NULL,525,65,65,60,130,95,110
Umbreon,dark,NULL,525,95,65,110,60,130,65
Murkrow,dark,flying,405,60,85,42,85,42,91
Slowking,water,psychic,490,95,75,80,100,110,30
Misdreavus,ghost,NULL,435,60,60,60,85,85,85
Unown,psychic,NULL,336,48,72,48,72,48,48
Wobbuffet,psychic,NULL,405,190,33,58,33,58,33
Girafarig,normal,psychic,455,70,80,65,90,65,85
Pineco,bug,NULL,290,50,65,90,35,35,15
Forretress,bug,steel,465,75,90,140,60,60,40
Dunsparce,normal,NULL,415,100,70,70,65,65,45
Gligar,ground,flying,430,65,75,105,35,65,85
Steelix,steel,ground,610,75,125,230,55,95,30
Snubbull,fairy,NULL,300,60,80,50,40,40,30
Granbull,fairy,NULL,450,90,120,75,60,60,45
Qwilfish,water,poison,440,65,95,85,55,55,85
Scizor,bug,steel,600,70,150,140,65,100,75
Shuckle,bug,rock,505,20,10,230,10,230,5
Heracross,bug,fighting,600,80,185,115,40,105,75
Sneasel,dark,ice,430,55,95,55,35,75,115
Teddiursa,normal,NULL,330,60,80,50,50,50,40
Ursaring,normal,NULL,500,90,130,75,75,75,55
Slugma,fire,NULL,250,40,40,40,70,40,20
Magcargo,fire,rock,430,60,50,120,90,80,30
Swinub,ice,ground,250,50,50,40,30,30,50
Piloswine,ice,ground,450,100,100,80,60,60,50
Corsola,water,rock,410,65,55,95,65,95,35
Remoraid,water,NULL,300,35,65,35,65,35,65
Octillery,water,NULL,480,75,105,75,105,75,45
Delibird,ice,flying,330,45,55,45,65,45,75
Mantine,water,flying,485,85,40,70,80,140,70
Skarmory,steel,flying,465,65,80,140,40,70,70
Houndour,dark,fire,330,45,60,30,80,50,65
Houndoom,dark,fire,600,75,90,90,140,90,115
Kingdra,water,dragon,540,75,95,95,95,95,85
Phanpy,ground,NULL,330,90,60,60,40,40,40
Donphan,ground,NULL,500,90,120,120,60,60,50
Porygon2,normal,NULL,515,85,80,90,105,95,60
Stantler,normal,NULL,465,73,95,62,85,65,85
Smeargle,normal,NULL,250,55,20,35,20,45,75
Tyrogue,fighting,NULL,210,35,35,35,35,35,35
Hitmontop,fighting,NULL,455,50,95,95,35,110,70
Smoochum,ice,psychic,305,45,30,15,85,65,65
Elekid,electric,NULL,360,45,63,37,65,55,95
Magby,fire,NULL,365,45,75,37,70,55,83
Miltank,normal,NULL,490,95,80,105,40,70,100
Blissey,normal,NULL,540,255,10,10,75,135,55
Raikou,electric,NULL,580,90,85,75,115,100,115
Entei,fire,NULL,580,115,115,85,90,75,100
Suicune,water,NULL,580,100,75,115,90,115,85
Larvitar,rock,ground,300,50,64,50,45,50,41
Pupitar,rock,ground,410,70,84,70,65,70,51
Tyranitar,rock,dark,700,100,164,150,95,120,71
Lugia,psychic,flying,680,106,90,130,90,154,110
Ho-Oh,fire,flying,680,106,130,90,110,154,90
Celebi,psychic,grass,600,100,100,100,100,100,100
Treecko,grass,NULL,310,40,45,35,65,55,70
Grovyle,grass,NULL,405,50,65,45,85,65,95
Sceptile,grass,NULL,630,70,110,75,145,85,145
Torchic,fire,NULL,310,45,60,40,70,50,45
Combusken,fire,fighting,405,60,85,60,85,60,55
Blaziken,fire,fighting,630,80,160,80,130,80,100
Mudkip,water,NULL,310,50,70,50,50,50,40
Marshtomp,water,ground,405,70,85,70,60,70,50
Swampert,water,ground,635,100,150,110,95,110,70
Poochyena,dark,NULL,220,35,55,35,30,30,35
Mightyena,dark,NULL,420,70,90,70,60,60,70
Zigzagoon,normal,NULL,240,38,30,41,30,41,60
Linoone,normal,NULL,420,78,70,61,50,61,100
Wurmple,bug,NULL,195,45,45,35,20,30,20
Silcoon,bug,NULL,205,50,35,55,25,25,15
Beautifly,bug,flying,395,60,70,50,100,50,65
Cascoon,bug,NULL,205,50,35,55,25,25,15
Dustox,bug,poison,385,60,50,70,50,90,65
Lotad,water,grass,220,40,30,30,40,50,30
Lombre,water,grass,340,60,50,50,60,70,50
Ludicolo,water,grass,480,80,70,70,90,100,70
Seedot,grass,NULL,220,40,40,50,30,30,30
Nuzleaf,grass,dark,340,70,70,40,60,40,60
Shiftry,grass,dark,480,90,100,60,90,60,80
Taillow,normal,flying,270,40,55,30,30,30,85
Swellow,normal,flying,455,60,85,60,75,50,125
Wingull,water,flying,270,40,30,30,55,30,85
Pelipper,water,flying,440,60,50,100,95,70,65
Ralts,psychic,fairy,198,28,25,25,45,35,40
Kirlia,psychic,fairy,278,38,35,35,65,55,50
Gardevoir,psychic,fairy,618,68,85,65,165,135,100
Surskit,bug,water,269,40,30,32,50,52,65
Masquerain,bug,flying,454,70,60,62,100,82,80
Shroomish,grass,NULL,295,60,40,60,40,60,35
Breloom,grass,fighting,460,60,130,80,60,60,70
Slakoth,normal,NULL,280,60,60,60,35,35,30
Vigoroth,normal,NULL,440,80,80,80,55,55,90
Slaking,normal,NULL,670,150,160,100,95,65,100
Nincada,bug,ground,266,31,45,90,30,30,40
Ninjask,bug,flying,456,61,90,45,50,50,160
Shedinja,bug,ghost,236,1,90,45,30,30,40
Whismur,normal,NULL,240,64,51,23,51,23,28
Loudred,normal,NULL,360,84,71,43,71,43,48
Exploud,normal,NULL,490,104,91,63,91,73,68
Makuhita,fighting,NULL,237,72,60,30,20,30,25
Hariyama,fighting,NULL,474,144,120,60,40,60,50
Azurill,normal,fairy,190,50,20,40,20,40,20
Nosepass,rock,NULL,375,30,45,135,45,90,30
Skitty,normal,NULL,260,50,45,45,35,35,50
Delcatty,normal,NULL,400,70,65,65,55,55,90
Sableye,dark,ghost,480,50,85,125,85,115,20
Mawile,steel,fairy,480,50,105,125,55,95,50
Aron,steel,rock,330,50,70,100,40,40,30
Lairon,steel,rock,430,60,90,140,50,50,40
Aggron,steel,rock,630,70,140,230,60,80,50
Meditite,fighting,psychic,280,30,40,55,40,55,60
Medicham,fighting,psychic,510,60,100,85,80,85,100
Electrike,electric,NULL,295,40,45,40,65,40,65
Manectric,electric,NULL,575,70,75,80,135,80,135
Plusle,electric,NULL,405,60,50,40,85,75,95
Minun,electric,NULL,405,60,40,50,75,85,95
Volbeat,bug,NULL,430,65,73,75,47,85,85
Illumise,bug,NULL,430,65,47,75,73,85,85
Roselia,grass,poison,400,50,60,45,100,80,65
Gulpin,poison,NULL,302,70,43,53,43,53,40
Swalot,poison,NULL,467,100,73,83,73,83,55
Carvanha,water,dark,305,45,90,20,65,20,65
Sharpedo,water,dark,560,70,140,70,110,65,105
Wailmer,water,NULL,400,130,70,35,70,35,60
Wailord,water,NULL,500,170,90,45,90,45,60
Numel,fire,ground,305,60,60,40,65,45,35
Camerupt,fire,ground,560,70,120,100,145,105,20
Torkoal,fire,NULL,470,70,85,140,85,70,20
Spoink,psychic,NULL,330,60,25,35,70,80,60
Grumpig,psychic,NULL,470,80,45,65,90,110,80
Spinda,normal,NULL,360,60,60,60,60,60,60
Trapinch,ground,NULL,290,45,100,45,45,45,10
Vibrava,ground,dragon,340,50,70,50,50,50,70
Flygon,ground,dragon,520,80,100,80,80,80,100
Cacnea,grass,NULL,335,50,85,40,85,40,35
Cacturne,grass,dark,475,70,115,60,115,60,55
Swablu,normal,flying,310,45,40,60,40,75,50
Altaria,dragon,flying,590,75,110,110,110,105,80
Zangoose,normal,NULL,458,73,115,60,60,60,90
Seviper,poison,NULL,458,73,100,60,100,60,65
Lunatone,rock,psychic,460,90,55,65,95,85,70
Solrock,rock,psychic,460,90,95,85,55,65,70
Barboach,water,ground,288,50,48,43,46,41,60
Whiscash,water,ground,468,110,78,73,76,71,60
Corphish,water,NULL,308,43,80,65,50,35,35
Crawdaunt,water,dark,468,63,120,85,90,55,55
Baltoy,ground,psychic,300,40,40,55,40,70,55
Claydol,ground,psychic,500,60,70,105,70,120,75
Lileep,rock,grass,355,66,41,77,61,87,23
Cradily,rock,grass,495,86,81,97,81,107,43
Anorith,rock,bug,355,45,95,50,40,50,75
Armaldo,rock,bug,495,75,125,100,70,80,45
Feebas,water,NULL,200,20,15,20,10,55,80
Milotic,water,NULL,540,95,60,79,100,125,81
Castform,normal,NULL,420,70,70,70,70,70,70
Kecleon,normal,NULL,440,60,90,70,60,120,40
Shuppet,ghost,NULL,295,44,75,35,63,33,45
Banette,ghost,NULL,555,64,165,75,93,83,75
Duskull,ghost,NULL,295,20,40,90,30,90,25
Dusclops,ghost,NULL,455,40,70,130,60,130,25
Tropius,grass,flying,460,99,68,83,72,87,51
Chimecho,psychic,NULL,455,75,50,80,95,90,65
Absol,dark,NULL,565,65,150,60,115,60,115
Wynaut,psychic,NULL,260,95,23,48,23,48,23
Snorunt,ice,NULL,300,50,50,50,50,50,50
Glalie,ice,NULL,580,80,120,80,120,80,100
Spheal,ice,water,290,70,40,50,55,50,25
Sealeo,ice,water,410,90,60,70,75,70,45
Walrein,ice,water,530,110,80,90,95,90,65
Clamperl,water,NULL,345,35,64,85,74,55,32
Huntail,water,NULL,485,55,104,105,94,75,52
Gorebyss,water,NULL,485,55,84,105,114,75,52
Relicanth,water,rock,485,100,90,130,45,65,55
Luvdisc,water,NULL,330,43,30,55,40,65,97
Bagon,dragon,NULL,300,45,75,60,40,30,50
Shelgon,dragon,NULL,420,65,95,100,60,50,50
Salamence,dragon,flying,700,95,145,130,120,90,120
Beldum,steel,psychic,300,40,55,80,35,60,30
Metang,steel,psychic,420,60,75,100,55,80,50
Metagross,steel,psychic,700,80,145,150,105,110,110
Regirock,rock,NULL,580,80,100,200,50,100,50
Regice,ice,NULL,580,80,50,100,100,200,50
Registeel,steel,NULL,580,80,75,150,75,150,50
Latias,dragon,psychic,700,80,100,120,140,150,110
Latios,dragon,psychic,700,80,130,100,160,120,110
Kyogre,water,NULL,770,100,150,90,180,160,90
Groudon,ground,NULL,770,100,180,160,150,90,90
Rayquaza,dragon,flying,780,105,180,100,180,100,115
Jirachi,steel,psychic,600,100,100,100,100,100,100
Deoxys,psychic,NULL,600,50,95,90,95,90,180
Turtwig,grass,NULL,318,55,68,64,45,55,31
Grotle,grass,NULL,405,75,89,85,55,65,36
Torterra,grass,ground,525,95,109,105,75,85,56
Chimchar,fire,NULL,309,44,58,44,58,44,61
Monferno,fire,fighting,405,64,78,52,78,52,81
Infernape,fire,fighting,534,76,104,71,104,71,108
Piplup,water,NULL,314,53,51,53,61,56,40
Prinplup,water,NULL,405,64,66,68,81,76,50
Empoleon,water,steel,530,84,86,88,111,101,60
Starly,normal,flying,245,40,55,30,30,30,60
Staravia,normal,flying,340,55,75,50,40,40,80
Staraptor,normal,flying,485,85,120,70,50,60,100
Bidoof,normal,NULL,250,59,45,40,35,40,31
Bibarel,normal,water,410,79,85,60,55,60,71
Kricketot,bug,NULL,194,37,25,41,25,41,25
Kricketune,bug,NULL,384,77,85,51,55,51,65
Shinx,electric,NULL,263,45,65,34,40,34,45
Luxio,electric,NULL,363,60,85,49,60,49,60
Luxray,electric,NULL,523,80,120,79,95,79,70
Budew,grass,poison,280,40,30,35,50,70,55
Roserade,grass,poison,515,60,70,65,125,105,90
Cranidos,rock,NULL,350,67,125,40,30,30,58
Rampardos,rock,NULL,495,97,165,60,65,50,58
Shieldon,rock,steel,350,30,42,118,42,88,30
Bastiodon,rock,steel,495,60,52,168,47,138,30
Burmy,bug,NULL,224,40,29,45,29,45,36
Wormadam,bug,grass,424,60,69,95,69,95,36
Mothim,bug,flying,424,70,94,50,94,50,66
Combee,bug,flying,244,30,30,42,30,42,70
Vespiquen,bug,flying,474,70,80,102,80,102,40
Pachirisu,electric,NULL,405,60,45,70,45,90,95
Buizel,water,NULL,330,55,65,35,60,30,85
Floatzel,water,NULL,495,85,105,55,85,50,115
Cherubi,grass,NULL,275,45,35,45,62,53,35
Cherrim,grass,NULL,450,70,60,70,87,78,85
Shellos,water,NULL,325,76,48,48,57,62,34
Gastrodon,water,ground,475,111,83,68,92,82,39
Ambipom,normal,NULL,482,75,100,66,60,66,115
Drifloon,ghost,flying,348,90,50,34,60,44,70
Drifblim,ghost,flying,498,150,80,44,90,54,80
Buneary,normal,NULL,350,55,66,44,44,56,85
Lopunny,normal,NULL,580,65,136,94,54,96,135
Mismagius,ghost,NULL,495,60,60,60,105,105,105
Honchkrow,dark,flying,505,100,125,52,105,52,71
Glameow,normal,NULL,310,49,55,42,42,37,85
Purugly,normal,NULL,452,71,82,64,64,59,112
Chingling,psychic,NULL,285,45,30,50,65,50,45
Stunky,poison,dark,329,63,63,47,41,41,74
Skuntank,poison,dark,479,103,93,67,71,61,84
Bronzor,steel,psychic,300,57,24,86,24,86,23
Bronzong,steel,psychic,500,67,89,116,79,116,33
Bonsly,rock,NULL,290,50,80,95,10,45,10
Mime Jr.,psychic,fairy,310,20,25,45,70,90,60
Happiny,normal,NULL,220,100,5,5,15,65,30
Chatot,normal,flying,411,76,65,45,92,42,91
Spiritomb,ghost,dark,485,50,92,108,92,108,35
Gible,dragon,ground,300,58,70,45,40,45,42
Gabite,dragon,ground,410,68,90,65,50,55,82
Garchomp,dragon,ground,700,108,170,115,120,95,92
Munchlax,normal,NULL,390,135,85,40,40,85,5
Riolu,fighting,NULL,285,40,70,40,35,40,60
Lucario,fighting,steel,625,70,145,88,140,70,112
Hippopotas,ground,NULL,330,68,72,78,38,42,32
Hippowdon,ground,NULL,525,108,112,118,68,72,47
Skorupi,poison,bug,330,40,50,90,30,55,65
Drapion,poison,dark,500,70,90,110,60,75,95
Croagunk,poison,fighting,300,48,61,40,61,40,50
Toxicroak,poison,fighting,490,83,106,65,86,65,85
Carnivine,grass,NULL,454,74,100,72,90,72,46
Finneon,water,NULL,330,49,49,56,49,61,66
Lumineon,water,NULL,460,69,69,76,69,86,91
Mantyke,water,flying,345,45,20,50,60,120,50
Snover,grass,ice,334,60,62,50,62,60,40
Abomasnow,grass,ice,594,90,132,105,132,105,30
Weavile,dark,ice,510,70,120,65,45,85,125
Magnezone,electric,steel,535,70,70,115,130,90,60
Lickilicky,normal,NULL,515,110,85,95,80,95,50
Rhyperior,ground,rock,535,115,140,130,55,55,40
Tangrowth,grass,NULL,535,100,100,125,110,50,50
Electivire,electric,NULL,540,75,123,67,95,85,95
Magmortar,fire,NULL,540,75,95,67,125,95,83
Togekiss,fairy,flying,545,85,50,95,120,115,80
Yanmega,bug,flying,515,86,76,86,116,56,95
Leafeon,grass,NULL,525,65,110,130,60,65,95
Glaceon,ice,NULL,525,65,60,110,130,95,65
Gliscor,ground,flying,510,75,95,125,45,75,95
Mamoswine,ice,ground,530,110,130,80,70,60,80
Porygon-Z,normal,NULL,535,85,80,70,135,75,90
Gallade,psychic,fighting,618,68,165,95,65,115,110
Probopass,rock,steel,525,60,55,145,75,150,40
Dusknoir,ghost,NULL,525,45,100,135,65,135,45
Froslass,ice,ghost,480,70,80,70,80,70,110
Rotom,electric,ghost,520,50,65,107,105,107,86
Uxie,psychic,NULL,580,75,75,130,75,130,95
Mesprit,psychic,NULL,580,80,105,105,105,105,80
Azelf,psychic,NULL,580,75,125,70,125,70,115
Dialga,steel,dragon,680,100,120,120,150,100,90
Palkia,water,dragon,680,90,120,100,150,120,100
Heatran,fire,steel,600,91,90,106,130,106,77
Regigigas,normal,NULL,670,110,160,110,80,110,100
Giratina,ghost,dragon,680,150,120,100,120,100,90
Cresselia,psychic,NULL,600,120,70,120,75,130,85
Phione,water,NULL,480,80,80,80,80,80,80
Manaphy,water,NULL,600,100,100,100,100,100,100
Darkrai,dark,NULL,600,70,90,90,135,90,125
Shaymin,grass,grass,600,100,103,75,120,75,127
Arceus,normal,NULL,720,120,120,120,120,120,120
Victini,psychic,fire,600,100,100,100,100,100,100
Snivy,grass,NULL,308,45,45,55,45,55,63
Servine,grass,NULL,413,60,60,75,60,75,83
Serperior,grass,NULL,528,75,75,95,75,95,113
Tepig,fire,NULL,308,65,63,45,45,45,45
Pignite,fire,fighting,418,90,93,55,70,55,55
Emboar,fire,fighting,528,110,123,65,100,65,65
Oshawott,water,NULL,308,55,55,45,63,45,45
Dewott,water,NULL,413,75,75,60,83,60,60
Samurott,water,NULL,528,95,100,85,108,70,70
Patrat,normal,NULL,255,45,55,39,35,39,42
Watchog,normal,NULL,420,60,85,69,60,69,77
Lillipup,normal,NULL,275,45,60,45,25,45,55
Herdier,normal,NULL,370,65,80,65,35,65,60
Stoutland,normal,NULL,500,85,110,90,45,90,80
Purrloin,dark,NULL,281,41,50,37,50,37,66
Liepard,dark,NULL,446,64,88,50,88,50,106
Pansage,grass,NULL,316,50,53,48,53,48,64
Simisage,grass,NULL,498,75,98,63,98,63,101
Pansear,fire,NULL,316,50,53,48,53,48,64
Simisear,fire,NULL,498,75,98,63,98,63,101
Panpour,water,NULL,316,50,53,48,53,48,64
Simipour,water,NULL,498,75,98,63,98,63,101
Munna,psychic,NULL,292,76,25,45,67,55,24
Musharna,psychic,NULL,487,116,55,85,107,95,29
Pidove,normal,flying,264,50,55,50,36,30,43
Tranquill,normal,flying,358,62,77,62,50,42,65
Unfezant,normal,flying,488,80,115,80,65,55,93
Blitzle,electric,NULL,295,45,60,32,50,32,76
Zebstrika,electric,NULL,497,75,100,63,80,63,116
Roggenrola,rock,NULL,280,55,75,85,25,25,15
Boldore,rock,NULL,390,70,105,105,50,40,20
Gigalith,rock,NULL,515,85,135,130,60,80,25
Woobat,psychic,flying,323,65,45,43,55,43,72
Swoobat,psychic,flying,425,67,57,55,77,55,114
Drilbur,ground,NULL,328,60,85,40,30,45,68
Excadrill,ground,steel,508,110,135,60,50,65,88
Audino,normal,NULL,545,103,60,126,80,126,50
Timburr,fighting,NULL,305,75,80,55,25,35,35
Gurdurr,fighting,NULL,405,85,105,85,40,50,40
Conkeldurr,fighting,NULL,505,105,140,95,55,65,45
Tympole,water,NULL,294,50,50,40,50,40,64
Palpitoad,water,ground,384,75,65,55,65,55,69
Seismitoad,water,ground,509,105,95,75,85,75,74
Throh,fighting,NULL,465,120,100,85,30,85,45
Sawk,fighting,NULL,465,75,125,75,30,75,85
Sewaddle,bug,grass,310,45,53,70,40,60,42
Swadloon,bug,grass,380,55,63,90,50,80,42
Leavanny,bug,grass,500,75,103,80,70,80,92
Venipede,bug,poison,260,30,45,59,30,39,57
Whirlipede,bug,poison,360,40,55,99,40,79,47
Scolipede,bug,poison,485,60,100,89,55,69,112
Cottonee,grass,fairy,280,40,27,60,37,50,66
Whimsicott,grass,fairy,480,60,67,85,77,75,116
Petilil,grass,NULL,280,45,35,50,70,50,30
Lilligant,grass,NULL,480,70,60,75,110,75,90
Basculin,water,NULL,460,70,92,65,80,55,98
Sandile,ground,dark,292,50,72,35,35,35,65
Krokorok,ground,dark,351,60,82,45,45,45,74
Krookodile,ground,dark,519,95,117,80,65,70,92
Darumaka,fire,NULL,315,70,90,45,15,45,50
Darmanitan,fire,fire,540,105,30,105,140,105,55
Maractus,grass,NULL,461,75,86,67,106,67,60
Dwebble,bug,rock,325,50,65,85,35,35,55
Crustle,bug,rock,485,70,105,125,65,75,45
Scraggy,dark,fighting,348,50,75,70,35,70,48
Scrafty,dark,fighting,488,65,90,115,45,115,58
Sigilyph,psychic,flying,490,72,58,80,103,80,97
Yamask,ghost,NULL,303,38,30,85,55,65,30
Cofagrigus,ghost,NULL,483,58,50,145,95,105,30
Tirtouga,water,rock,355,54,78,103,53,45,22
Carracosta,water,rock,495,74,108,133,83,65,32
Archen,rock,flying,401,55,112,45,74,45,70
Archeops,rock,flying,567,75,140,65,112,65,110
Trubbish,poison,NULL,329,50,50,62,40,62,65
Garbodor,poison,NULL,474,80,95,82,60,82,75
Zorua,dark,NULL,330,40,65,40,80,40,65
Zoroark,dark,NULL,510,60,105,60,120,60,105
Minccino,normal,NULL,300,55,50,40,40,40,75
Cinccino,normal,NULL,470,75,95,60,65,60,115
Gothita,psychic,NULL,290,45,30,50,55,65,45
Gothorita,psychic,NULL,390,60,45,70,75,85,55
Gothitelle,psychic,NULL,490,70,55,95,95,110,65
Solosis,psychic,NULL,290,45,30,40,105,50,20
Duosion,psychic,NULL,370,65,40,50,125,60,30
Reuniclus,psychic,NULL,490,110,65,75,125,85,30
Ducklett,water,flying,305,62,44,50,44,50,55
Swanna,water,flying,473,75,87,63,87,63,98
Vanillite,ice,NULL,305,36,50,50,65,60,44
Vanillish,ice,NULL,395,51,65,65,80,75,59
Vanilluxe,ice,NULL,535,71,95,85,110,95,79
Deerling,normal,grass,335,60,60,50,40,50,75
Sawsbuck,normal,grass,475,80,100,70,60,70,95
Emolga,electric,flying,428,55,75,60,75,60,103
Karrablast,bug,NULL,315,50,75,45,40,45,60
Escavalier,bug,steel,495,70,135,105,60,105,20
Foongus,grass,poison,294,69,55,45,55,55,15
Amoonguss,grass,poison,464,114,85,70,85,80,30
Frillish,water,ghost,335,55,40,50,65,85,40
Jellicent,water,ghost,480,100,60,70,85,105,60
Alomomola,water,NULL,470,165,75,80,40,45,65
Joltik,bug,electric,319,50,47,50,57,50,65
Galvantula,bug,electric,472,70,77,60,97,60,108
Ferroseed,grass,steel,305,44,50,91,24,86,10
Ferrothorn,grass,steel,489,74,94,131,54,116,20
Klink,steel,NULL,300,40,55,70,45,60,30
Klang,steel,NULL,440,60,80,95,70,85,50
Klinklang,steel,NULL,520,60,100,115,70,85,90
Tynamo,electric,NULL,275,35,55,40,45,40,60
Eelektrik,electric,NULL,405,65,85,70,75,70,40
Eelektross,electric,NULL,515,85,115,80,105,80,50
Elgyem,psychic,NULL,335,55,55,55,85,55,30
Beheeyem,psychic,NULL,485,75,75,75,125,95,40
Litwick,ghost,fire,275,50,30,55,65,55,20
Lampent,ghost,fire,370,60,40,60,95,60,55
Chandelure,ghost,fire,520,60,55,90,145,90,80
Axew,dragon,NULL,320,46,87,60,30,40,57
Fraxure,dragon,NULL,410,66,117,70,40,50,67
Haxorus,dragon,NULL,540,76,147,90,60,70,97
Cubchoo,ice,NULL,305,55,70,40,60,40,40
Beartic,ice,NULL,505,95,130,80,70,80,50
Cryogonal,ice,NULL,515,80,50,50,95,135,105
Shelmet,bug,NULL,305,50,40,85,40,65,25
Accelgor,bug,NULL,495,80,70,40,100,60,145
Stunfisk,ground,electric,471,109,66,84,81,99,32
Mienfoo,fighting,NULL,350,45,85,50,55,50,65
Mienshao,fighting,NULL,510,65,125,60,95,60,105
Druddigon,dragon,NULL,485,77,120,90,60,90,48
Golett,ground,ghost,303,59,74,50,35,50,35
Golurk,ground,ghost,483,89,124,80,55,80,55
Pawniard,dark,steel,340,45,85,70,40,40,60
Bisharp,dark,steel,490,65,125,100,60,70,70
Bouffalant,normal,NULL,490,95,110,95,40,95,55
Rufflet,normal,flying,350,70,83,50,37,50,60
Braviary,normal,flying,510,100,123,75,57,75,80
Vullaby,dark,flying,370,70,55,75,45,65,60
Mandibuzz,dark,flying,510,110,65,105,55,95,80
Heatmor,fire,NULL,484,85,97,66,105,66,65
Durant,bug,steel,484,58,109,112,48,48,109
Deino,dark,dragon,300,52,65,50,45,50,38
Zweilous,dark,dragon,420,72,85,70,65,70,58
Hydreigon,dark,dragon,600,92,105,90,125,90,98
Larvesta,bug,fire,360,55,85,55,50,55,60
Volcarona,bug,fire,550,85,60,65,135,105,100
Cobalion,steel,fighting,580,91,90,129,90,72,108
Terrakion,rock,fighting,580,91,129,90,72,90,108
Virizion,grass,fighting,580,91,90,72,90,129,108
Tornadus,flying,NULL,580,79,100,80,110,90,121
Thundurus,electric,flying,580,79,105,70,145,80,101
Reshiram,dragon,fire,680,100,120,100,150,120,90
Zekrom,dragon,electric,680,100,150,120,120,100,90
Landorus,ground,flying,600,89,145,90,105,80,91
Kyurem,dragon,ice,700,125,120,90,170,100,95
Keldeo,water,fighting,580,91,72,90,129,90,108
Meloetta,normal,psychic,600,100,128,90,77,77,128
Genesect,bug,steel,600,71,120,95,120,95,99
Chespin,grass,NULL,313,56,61,65,48,45,38
Quilladin,grass,NULL,405,61,78,95,56,58,57
Chesnaught,grass,fighting,530,88,107,122,74,75,64
Fennekin,fire,NULL,307,40,45,40,62,60,60
Braixen,fire,NULL,409,59,59,58,90,70,73
Delphox,fire,psychic,534,75,69,72,114,100,104
Froakie,water,NULL,314,41,56,40,62,44,71
Frogadier,water,NULL,405,54,63,52,83,56,97
Greninja,water,dark,640,72,145,67,153,71,132
Bunnelby,normal,NULL,237,38,36,38,32,36,57
Diggersby,normal,ground,423,85,56,77,50,77,78
Fletchling,normal,flying,278,45,50,43,40,38,62
Fletchinder,fire,flying,382,62,73,55,56,52,84
Talonflame,fire,flying,499,78,81,71,74,69,126
Scatterbug,bug,NULL,200,38,35,40,27,25,35
Spewpa,bug,NULL,213,45,22,60,27,30,29
Vivillon,bug,flying,411,80,52,50,90,50,89
Litleo,fire,normal,369,62,50,58,73,54,72
Pyroar,fire,normal,507,86,68,72,109,66,106
Flabébé,fairy,NULL,303,44,38,39,61,79,42
Floette,fairy,NULL,551,74,65,67,125,128,92
Florges,fairy,NULL,552,78,65,68,112,154,75
Skiddo,grass,NULL,350,66,65,48,62,57,52
Gogoat,grass,NULL,531,123,100,62,97,81,68
Pancham,fighting,NULL,348,67,82,62,46,48,43
Pangoro,fighting,dark,495,95,124,78,69,71,58
Furfrou,normal,NULL,472,75,80,60,65,90,102
Espurr,psychic,NULL,355,62,48,54,63,60,68
Meowstic,psychic,NULL,466,74,48,76,83,81,104
Honedge,steel,ghost,325,45,80,100,35,37,28
Doublade,steel,ghost,448,59,110,150,45,49,35
Aegislash,steel,ghost,520,60,150,50,150,50,60
Spritzee,fairy,NULL,341,78,52,60,63,65,23
Aromatisse,fairy,NULL,462,101,72,72,99,89,29
Swirlix,fairy,NULL,341,62,48,66,59,57,49
Slurpuff,fairy,NULL,480,82,80,86,85,75,72
Inkay,dark,psychic,288,53,54,53,37,46,45
Malamar,dark,psychic,482,86,92,88,68,75,73
Binacle,rock,water,306,42,52,67,39,56,50
Barbaracle,rock,water,500,72,105,115,54,86,68
Skrelp,poison,water,320,50,60,60,60,60,30
Dragalge,poison,dragon,494,65,75,90,97,123,44
Clauncher,water,NULL,330,50,53,62,58,63,44
Clawitzer,water,NULL,500,71,73,88,120,89,59
Helioptile,electric,normal,289,44,38,33,61,43,70
Heliolisk,electric,normal,481,62,55,52,109,94,109
Tyrunt,rock,dragon,362,58,89,77,45,45,48
Tyrantrum,rock,dragon,521,82,121,119,69,59,71
Amaura,rock,ice,362,77,59,50,67,63,46
Aurorus,rock,ice,521,123,77,72,99,92,58
Sylveon,fairy,NULL,525,95,65,65,110,130,60
Hawlucha,fighting,flying,500,78,92,75,74,63,118
Dedenne,electric,fairy,431,67,58,57,81,67,101
Carbink,rock,fairy,500,50,50,150,50,150,50
Goomy,dragon,NULL,300,45,50,35,55,75,40
Sliggoo,dragon,NULL,452,68,75,53,83,113,60
Goodra,dragon,NULL,600,90,100,70,110,150,80
Klefki,steel,fairy,470,57,80,91,80,87,75
Phantump,ghost,grass,309,43,70,48,50,60,38
Trevenant,ghost,grass,474,85,110,76,65,82,56
Pumpkaboo,ghost,grass,335,59,66,70,44,55,41
Gourgeist,ghost,grass,494,85,100,122,58,75,54
Bergmite,ice,NULL,304,55,69,85,32,35,28
Avalugg,ice,NULL,514,95,117,184,44,46,28
Noibat,flying,dragon,245,40,30,35,45,40,55
Noivern,flying,dragon,535,85,70,80,97,80,123
Xerneas,fairy,NULL,680,126,131,95,131,98,99
Yveltal,dark,flying,680,126,131,95,131,98,99
Zygarde,dragon,ground,708,216,100,121,91,95,85
Diancie,rock,fairy,700,50,160,110,160,110,110
Hoopa,psychic,ghost,680,80,160,60,170,130,80
Volcanion,fire,water,600,80,110,120,130,90,70
Rowlet,grass,flying,320,68,55,55,50,50,42
Dartrix,grass,flying,420,78,75,75,70,70,52
Decidueye,grass,ghost,530,78,107,75,100,100,70
Litten,fire,NULL,320,45,65,40,60,40,70
Torracat,fire,NULL,420,65,85,50,80,50,90
Incineroar,fire,dark,530,95,115,90,80,90,60
Popplio,water,NULL,320,50,54,54,66,56,40
Brionne,water,NULL,420,60,69,69,91,81,50
Primarina,water,fairy,530,80,74,74,126,116,60
Pikipek,normal,flying,265,35,75,30,30,30,65
Trumbeak,normal,flying,355,55,85,50,40,50,75
Toucannon,normal,flying,485,80,120,75,75,75,60
Yungoos,normal,NULL,253,48,70,30,30,30,45
Gumshoos,normal,NULL,418,88,110,60,55,60,45
Grubbin,bug,NULL,300,47,62,45,55,45,46
Charjabug,bug,electric,400,57,82,95,55,75,36
Vikavolt,bug,electric,500,77,70,90,145,75,43
Crabrawler,fighting,NULL,338,47,82,57,42,47,63
Crabominable,fighting,ice,478,97,132,77,62,67,43
Oricorio,fire,flying,476,75,70,70,98,70,93
Cutiefly,bug,fairy,304,40,45,40,55,40,84
Ribombee,bug,fairy,464,60,55,60,95,70,124
Rockruff,rock,NULL,280,45,65,40,30,40,60
Lycanroc,rock,NULL,487,85,115,75,55,75,82
Wishiwashi,water,NULL,620,45,140,130,140,135,30
Mareanie,poison,water,305,50,53,62,43,52,45
Toxapex,poison,water,495,50,63,152,53,142,35
Mudbray,ground,NULL,385,70,100,70,45,55,45
Mudsdale,ground,NULL,500,100,125,100,55,85,35
Dewpider,water,bug,269,38,40,52,40,72,27
Araquanid,water,bug,454,68,70,92,50,132,42
Fomantis,grass,NULL,250,40,55,35,50,35,35
Lurantis,grass,NULL,480,70,105,90,80,90,45
Morelull,grass,fairy,285,40,35,55,65,75,15
Shiinotic,grass,fairy,405,60,45,80,90,100,30
Salandit,poison,fire,320,48,44,40,71,40,77
Salazzle,poison,fire,480,68,64,60,111,60,117
Stufful,normal,fighting,340,70,75,50,45,50,50
Bewear,normal,fighting,500,120,125,80,55,60,60
Bounsweet,grass,NULL,210,42,30,38,30,38,32
Steenee,grass,NULL,290,52,40,48,40,48,62
Tsareena,grass,NULL,510,72,120,98,50,98,72
Comfey,fairy,NULL,485,51,52,90,82,110,100
Oranguru,normal,psychic,490,90,60,80,90,110,60
Passimian,fighting,NULL,490,100,120,90,40,60,80
Wimpod,bug,water,230,25,35,40,20,30,80
Golisopod,bug,water,530,75,125,140,60,90,40
Sandygast,ghost,ground,320,55,55,80,70,45,15
Palossand,ghost,ground,480,85,75,110,100,75,35
Pyukumuku,water,NULL,410,55,60,130,30,130,5
Type: Null,normal,NULL,534,95,95,95,95,95,59
Silvally,normal,NULL,570,95,95,95,95,95,95
Minior,rock,flying,500,60,100,60,100,60,120
Komala,normal,NULL,480,65,115,65,75,95,65
Turtonator,fire,dragon,485,60,78,135,91,85,36
Togedemaru,electric,steel,435,65,98,63,40,73,96
Mimikyu,ghost,fairy,476,55,90,80,50,105,96
Bruxish,water,psychic,475,68,105,70,70,70,92
Drampa,normal,dragon,485,78,60,85,135,91,36
Dhelmise,ghost,grass,517,70,131,100,86,90,40
Jangmo-o,dragon,NULL,300,45,55,65,45,45,45
Hakamo-o,dragon,fighting,420,55,75,90,65,70,65
Kommo-o,dragon,fighting,600,75,110,125,100,105,85
Tapu Koko,electric,fairy,570,70,115,85,95,75,130
Tapu Lele,psychic,fairy,570,70,85,75,130,115,95
Tapu Bulu,grass,fairy,570,70,130,115,85,95,75
Tapu Fini,water,fairy,570,70,75,115,95,130,85
Cosmog,psychic,NULL,200,43,29,31,29,31,37
Cosmoem,psychic,NULL,400,43,29,131,29,131,37
Solgaleo,psychic,steel,680,137,137,107,113,89,97
Lunala,psychic,ghost,680,137,113,89,137,107,97
Nihilego,rock,poison,570,109,53,47,127,131,103
Buzzwole,bug,fighting,570,107,139,139,53,53,79
Pheromosa,bug,fighting,570,71,137,37,137,37,151
Xurkitree,electric,NULL,570,83,89,71,173,71,83
Celesteela,steel,flying,570,97,101,103,107,101,61
Kartana,grass,steel,570,59,181,131,59,31,109
Guzzlord,dark,dragon,570,223,101,53,97,53,43
Necrozma,psychic,NULL,600,97,107,101,127,89,79
Magearna,steel,fairy,600,80,95,115,130,115,65
